Titel,Preis,Zimmer,Flaeche,Link
1/,750€/Monat,N/A,40 m² 1. Stock innenliegend ohne Aufzug,https://www.idealista.com/de/inmueble/85690966/?xtmc=2_1_alicante&xtcr=0
1/,950€/Monat,N/A,Garage inklusive 3 Schlafz. 140 m² 1. Stock außenliegend mit Aufzug,https://www.idealista.com/de/inmueble/111042088/?xtmc=2_1_alicante&xtcr=0
1/,985€/Monat,N/A,Garage inklusive 1 Schlafz. 57 m² 2. Stock außenliegend mit Aufzug,https://www.idealista.com/de/pro/brisa-homes/
1/,1.000€/Monat,N/A,Garage inklusive 2 Schlafz. 75 m² 3. Stock außenliegend mit Aufzug,https://www.idealista.com/de/inmueble/111242118/?xtmc=2_1_alicante&xtcr=0
1/,1.000€/Monat,N/A,Garage inklusive 2 Schlafz. 90 m² 2. Stock außenliegend mit Aufzug,https://www.idealista.com/de/pro/bega-property-spain/
1/,1.045€/Monat,N/A,Garage inklusive 1 Schlafz. 75 m² EG außenliegend mit Aufzug,https://www.idealista.com/de/pro/brisa-homes/
1/,1.045€/Monat,N/A,Garage inklusive 1 Schlafz. 75 m² EG außenliegend mit Aufzug,https://www.idealista.com/de/pro/brisa-homes/
1/,1.100€/Monat,N/A,3 Schlafz. 110 m² 3. Stock außenliegend mit Aufzug Gestern veröffentlicht,https://www.idealista.com/de/pro/laehomes-alicante/
1/,1.100€/Monat,N/A,Garage inklusive 3 Schlafz. 100 m² 3. Stock außenliegend mit Aufzug,https://www.idealista.com/de/inmueble/111266147/?xtmc=2_1_alicante&xtcr=0
1/,1.150€/Monat,N/A,2 Schlafz. 68 m² 2. Stock außenliegend mit Aufzug 21. Apr,https://www.idealista.com/de/inmueble/105812587/?xtmc=2_1_alicante&xtcr=0
1/,1.185€/Monat,N/A,Garage inklusive 2 Schlafz. 81 m² 3. Stock außenliegend mit Aufzug,https://www.idealista.com/de/pro/brisa-homes/
1/,1.185€/Monat,N/A,Garage inklusive 2 Schlafz. 80 m² 3. Stock außenliegend mit Aufzug,https://www.idealista.com/de/pro/brisa-homes/
1/,1.199€/Monat,N/A,Garage inklusive 2 Schlafz. 95 m² 1. Stock außenliegend mit Aufzug,https://www.idealista.com/de/pro/brisa-homes/
1/,1.200€/Monat,N/A,Garage inklusive 2 Schlafz. 85 m² 1. Stock außenliegend mit Aufzug,https://www.idealista.com/de/pro/fincassanjuan/
1/,1.200€/Monat,N/A,Garage inklusive 1 Schlafz. 70 m² EG außenliegend mit Aufzug,https://www.idealista.com/de/pro/inmotrivium/
1/,1.200€/Monat,N/A,Garage inklusive 2 Schlafz. 85 m² 3. Stock außenliegend mit Aufzug,https://www.idealista.com/de/pro/fincassanjuan/
1/,1.200€/Monat,N/A,4 Schlafz. 110 m² 3. Stock außenliegend mit Aufzug,https://www.idealista.com/de/pro/p08108825/
1/,1.250€/Monat,N/A,3 Schlafz. 112 m²,https://www.idealista.com/de/pro/inmobiliaria-nucleo-sant-joan-y-mutxamel/
1/,1.250€/Monat,N/A,1 Schlafz. 60 m² 2. Stock außenliegend mit Aufzug,https://www.idealista.com/de/inmueble/109915211/?xtmc=2_1_alicante&xtcr=0
1/,1.299€/Monat,N/A,Garage inklusive 2 Schlafz. 107 m² EG außenliegend mit Aufzug,https://www.idealista.com/de/pro/brisa-homes/
1/,1.300€/Monat,N/A,3 Schlafz. 95 m² 4. Stock außenliegend ohne Aufzug,https://www.idealista.com/de/inmueble/98244972/?xtmc=2_1_alicante&xtcr=0
1/,1.300€/Monat,N/A,Garage inklusive 3 Schlafz. 115 m² 3. Stock außenliegend mit Aufzug,https://www.idealista.com/de/inmueble/111084485/?xtmc=2_1_alicante&xtcr=0
1/,1.350€/Monat,N/A,Garage inklusive 2 Schlafz. 107 m² EG außenliegend mit Aufzug,https://www.idealista.com/de/pro/brisa-homes/
1/,1.350€/Monat,N/A,Garage inklusive 2 Schlafz. 90 m²,https://www.idealista.com/de/pro/inmobeach-properties/
1/,1.350€/Monat,N/A,Garage inklusive 3 Schlafz. 95 m² 2. Stock außenliegend mit Aufzug,https://www.idealista.com/de/inmueble/106828023/?xtmc=2_1_alicante&xtcr=0
1/,1.400€/Monat,N/A,Garage inklusive 2 Schlafz. 85 m² 2. Stock außenliegend mit Aufzug,https://www.idealista.com/de/inmueble/111288733/?xtmc=2_1_alicante&xtcr=0
1/,1.400€/Monat,N/A,Garage inklusive 3 Schlafz. 110 m² 2. Stock außenliegend mit Aufzug,https://www.idealista.com/de/inmueble/110759031/?xtmc=2_1_alicante&xtcr=0
1/,1.425€/Monat,N/A,Garage inklusive 1 Schlafz. 57 m² 3. Stock außenliegend mit Aufzug,https://www.idealista.com/de/pro/nomad-flex-living/
1/,1.425€/Monat,N/A,Garage inklusive 1 Schlafz. 57 m² 3. Stock außenliegend mit Aufzug,https://www.idealista.com/de/pro/nomad-flex-living/
1/,1.425€/Monat,N/A,Garage inklusive 1 Schlafz. 57 m² 2. Stock außenliegend mit Aufzug,https://www.idealista.com/de/pro/nomad-flex-living/
